Costi Indiretti;Costi Diretti;CostiDirettiValue;isEconomico;Percentuale;Anno;Contributo Competenza;Valore;doc_name;Costi Indiretti Somma;Costi Diretti Somma
{'Oneri diversi': '1592.76', 'Servizi': '10065.04', 'Oneri finanziari': '456.80', 'Ammortamenti': '1044.60', 'God beni terzi': '2945.91', 'Personale': '1523.81', 'Materie Prime': '65.50'};{'Oneri diversi': '717.36', 'Servizi': '4713.82', 'Oneri finanziari': '0.00', 'Ammortamenti': '0.00', 'God beni terzi': '0.00', 'Personale': '106020.86', 'Materie Prime': '0.00'};['conti/8.04.004/lineeConto/8.04.004line_002', 'conti/8.04.004/lineeConto/8.04.004line_009', 'conti/8.04.004/lineeConto/8.04.004line_017', 'conti/8.04.004/lineeConto/8.04.004line_025', 'conti/8.04.004/lineeConto/8.04.004line_034', 'conti/8.04.004/lineeConto/8.04.004line_042', 'conti/8.04.004/lineeConto/8.04.004line_049', 'conti/8.04.004/lineeConto/8.04.004line_052', 'conti/8.04.004/lineeConto/8.04.004line_057', 'conti/8.04.004/lineeConto/8.04.004line_060', 'conti/8.04.004/lineeConto/8.04.004line_066', 'conti/8.04.004/lineeConto/8.04.004line_068', 'conti/8.04.004/lineeConto/8.04.004line_075', 'conti/8.04.004/lineeConto/8.04.004line_083', 'conti/8.04.004/lineeConto/8.04.004line_085', 'conti/8.04.004/lineeConto/8.04.004line_090', 'conti/8.04.004/lineeConto/8.04.004line_093', 'conti/8.04.004/lineeConto/8.04.004line_094', 'conti/8.06.004/lineeConto/8.06.004line_003', 'conti/8.06.004/lineeConto/8.06.004line_013', 'conti/8.06.004/lineeConto/8.06.004line_024', 'conti/8.06.004/lineeConto/8.06.004line_036', 'conti/8.06.004/lineeConto/8.06.004line_046', 'conti/8.06.004/lineeConto/8.06.004line_056', 'conti/8.06.004/lineeConto/8.06.004line_067', 'conti/8.06.004/lineeConto/8.06.004line_077', 'conti/8.06.004/lineeConto/8.06.004line_086', 'conti/8.06.004/lineeConto/8.06.004line_089', 'conti/8.06.004/lineeConto/8.06.004line_100', 'conti/8.06.004/lineeConto/8.06.004line_112', 'conti/8.06.004/lineeConto/8.06.004line_122', 'conti/8.01.009/lineeConto/8.01.009line_000', 'conti/8.17.000/lineeConto/8.17.000line_040', 'conti/8.17.000/lineeConto/8.17.000line_089', 'conti/8.17.000/lineeConto/8.17.000line_090', 'conti/8.17.000/lineeConto/8.17.000line_091', 'conti/8.17.000/lineeConto/8.17.000line_095', 'conti/8.20.010/lineeConto/8.20.010line_001', 'conti/8.20.010/lineeConto/8.20.010line_003'];False;3.10;2022;47492.27;311250;7SHIELD;17237.620000000003;111452.04
{'Oneri diversi': '403.64', 'Servizi': '2550.70', 'Oneri finanziari': '119.26', 'Ammortamenti': '264.72', 'Personale': '386.17', 'God beni terzi': '746.56', 'Materie Prime': '16.60'};{'Oneri diversi': '375.00', 'Servizi': '2597.43', 'Oneri finanziari': '0.00', 'Ammortamenti': '0.00', 'God beni terzi': '0.00', 'Personale': '0.00', 'Materie Prime': '0.00'};['conti/8.20.010/lineeConto/8.20.010line_007', 'conti/8.04.010/lineeConto/8.04.010line_010', 'conti/8.17.000/lineeConto/8.17.000line_054'];True;1.72;2022;5000;5000;ADVANCED SYSTEMS;4368.389999999999;2972.43
{'Oneri diversi': '215.79', 'Servizi': '1363.65', 'Oneri finanziari': '61.89', 'Ammortamenti': '141.53', 'God beni terzi': '399.12', 'Personale': '206.45', 'Materie Prime': '8.87'};{'Oneri diversi': '0.00', 'Servizi': '0.00', 'Oneri finanziari': '0.00', 'Ammortamenti': '0.00', 'God beni terzi': '0.00', 'Personale': '0.00', 'Materie Prime': '0.00'};[];False;0.42;2022;6500;6500;AIM SOLUTIONS;2335.41;0.0
{'Oneri diversi': '1341.00', 'Servizi': '8474.12', 'Oneri finanziari': '384.59', 'Ammortamenti': '879.49', 'Personale': '1282.95', 'God beni terzi': '2480.26', 'Materie Prime': '55.15'};{'Oneri diversi': '0.00', 'Servizi': '0.00', 'Oneri finanziari': '0.00', 'Ammortamenti': '0.00', 'Personale': '0.00', 'God beni terzi': '0.00', 'Materie Prime': '0.00'};[];False;2.61;2022;40000;100000;ARTUP;14512.970000000001;0.0
{'Oneri diversi': '1007.03', 'Servizi': '6363.71', 'Oneri finanziari': '288.81', 'Ammortamenti': '660.46', 'Personale': '963.44', 'God beni terzi': '1862.57', 'Materie Prime': '41.41'};{'Oneri diversi': '0.00', 'Servizi': '0.00', 'Oneri finanziari': '0.00', 'Ammortamenti': '0.00', 'God beni terzi': '0.00', 'Personale': '0.00', 'Materie Prime': '0.00'};[];False;1.96;2022;30000;95000;ATM;10898.619999999999;0.0
{'Oneri diversi': '1006.75', 'Ammortamenti': '660.27', 'Personale': '963.17', 'Servizi': '6361.92', 'Materie Prime': '41.40', 'God beni terzi': '1862.05'};{'Oneri diversi': '0.00', 'Ammortamenti': '0.00', 'God beni terzi': '0.00', 'Personale': '0.00', 'Materie Prime': '0.00', 'Servizi': '0.00'};[];True;4.29;2022;12500;12500;BIOEMA;10895.56;0.0
{'Oneri diversi': '981.34', 'Servizi': '6201.37', 'Oneri finanziari': '281.45', 'Ammortamenti': '643.61', 'Personale': '938.86', 'God beni terzi': '1815.06', 'Materie Prime': '40.36'};{'Oneri diversi': '0.00', 'Servizi': '0.00', 'Oneri finanziari': '0.00', 'Ammortamenti': '0.00', 'God beni terzi': '0.00', 'Personale': '0.00', 'Materie Prime': '0.00'};[];False;1.91;2022;29207.87;29207.87;BigImAGING;10620.6;0.0
{'Oneri diversi': '0.00', 'Servizi': '0.00', 'Oneri finanziari': '0.00', 'Ammortamenti': '0.00', 'God beni terzi': '0.00', 'Personale': '0.00', 'Materie Prime': '0.00'};{'Oneri diversi': '0.00', 'Servizi': '0.00', 'Oneri finanziari': '0.00', 'Ammortamenti': '0.00', 'God beni terzi': '0.00', 'Personale': '0.00', 'Materie Prime': '0.00'};[];False;0.00;2022;-4312944.10;0;CNOS;0.0;0.0
{'Oneri diversi': '0.00', 'Servizi': '0.00', 'Oneri finanziari': '0.00', 'Ammortamenti': '0.00', 'Personale': '0.00', 'God beni terzi': '0.00', 'Materie Prime': '0.00'};{'Oneri diversi': '0.00', 'Servizi': '0.00', 'Oneri finanziari': '0.00', 'Ammortamenti': '0.00', 'Personale': '29624.52', 'God beni terzi': '0.00', 'Materie Prime': '0.00'};['conti/8.04.004/lineeConto/8.04.004line_006', 'conti/8.04.004/lineeConto/8.04.004line_013', 'conti/8.04.004/lineeConto/8.04.004line_022', 'conti/8.04.004/lineeConto/8.04.004line_029', 'conti/8.04.004/lineeConto/8.04.004line_038', 'conti/8.04.004/lineeConto/8.04.004line_046', 'conti/8.04.004/lineeConto/8.04.004line_053', 'conti/8.04.004/lineeConto/8.04.004line_061', 'conti/8.04.004/lineeConto/8.04.004line_069', 'conti/8.04.004/lineeConto/8.04.004line_078', 'conti/8.04.004/lineeConto/8.04.004line_086', 'conti/8.04.004/lineeConto/8.04.004line_098', 'conti/8.06.004/lineeConto/8.06.004line_008', 'conti/8.06.004/lineeConto/8.06.004line_019', 'conti/8.06.004/lineeConto/8.06.004line_032', 'conti/8.06.004/lineeConto/8.06.004line_042', 'conti/8.06.004/lineeConto/8.06.004line_051', 'conti/8.06.004/lineeConto/8.06.004line_061', 'conti/8.06.004/lineeConto/8.06.004line_073', 'conti/8.06.004/lineeConto/8.06.004line_083', 'conti/8.06.004/lineeConto/8.06.004line_093', 'conti/8.06.004/lineeConto/8.06.004line_105', 'conti/8.06.004/lineeConto/8.06.004line_114', 'conti/8.06.004/lineeConto/8.06.004line_129', 'conti/8.07.002/lineeConto/8.07.002line_001'];False;0.00;2022;0;90000;CNOS-PERSONALE;0.0;29624.52
{'Oneri diversi': '3663.34', 'Servizi': '23149.60', 'Oneri finanziari': '1050.63', 'Ammortamenti': '2402.58', 'God beni terzi': '6775.59', 'Personale': '3504.75', 'Materie Prime': '150.66'};{'Oneri diversi': '0.00', 'Servizi': '6400.00', 'Oneri finanziari': '0.00', 'Ammortamenti': '0.00', 'Personale': '2675.58', 'God beni terzi': '0.00', 'Materie Prime': '0.00'};['conti/8.06.004/lineeConto/8.06.004line_037', 'conti/8.06.004/lineeConto/8.06.004line_110', 'conti/8.04.010/lineeConto/8.04.010line_008', 'conti/8.04.010/lineeConto/8.04.010line_011'];False;7.13;2022;109200;313000;CONTRADER_DMW;39646.520000000004;9075.58
{'Oneri diversi': '0.00', 'Servizi': '0.00', 'Oneri finanziari': '0.00', 'Ammortamenti': '0.00', 'Personale': '0.00', 'God beni terzi': '0.00', 'Materie Prime': '0.00'};{'Oneri diversi': '0.00', 'Servizi': '3240.00', 'Oneri finanziari': '0.00', 'Ammortamenti': '0.00', 'God beni terzi': '0.00', 'Personale': '139743.09', 'Materie Prime': '3164.00'};['conti/8.06.004/lineeConto/8.06.004line_068', 'conti/8.07.000/lineeConto/8.07.000line_001', 'conti/8.04.003/lineeConto/8.04.003line_004', 'conti/8.04.003/lineeConto/8.04.003line_010', 'conti/8.04.003/lineeConto/8.04.003line_012', 'conti/8.04.003/lineeConto/8.04.003line_018', 'conti/8.04.003/lineeConto/8.04.003line_021', 'conti/8.04.003/lineeConto/8.04.003line_024', 'conti/8.11.011/lineeConto/8.11.011line_065', 'conti/8.11.011/lineeConto/8.11.011line_066', 'conti/8.09.005/lineeConto/8.09.005line_061', 'conti/8.17.000/lineeConto/8.17.000line_078'];False;0.00;2022;0;452580;COVID;0.0;146147.09
{'Oneri diversi': '133.59', 'Servizi': '844.16', 'Oneri finanziari': '38.31', 'Ammortamenti': '87.61', 'God beni terzi': '247.08', 'Personale': '127.80', 'Materie Prime': '5.49'};{'Oneri diversi': '0.00', 'Servizi': '0.00', 'Oneri finanziari': '0.00', 'Ammortamenti': '0.00', 'God beni terzi': '0.00', 'Personale': '0.00', 'Materie Prime': '0.00'};[];False;0.26;2022;4000;40000;CRiSM;1445.7299999999998;0.0
{'Oneri diversi': '5153.34', 'Servizi': '32565.29', 'Oneri finanziari': '1477.96', 'Ammortamenti': '3379.78', 'God beni terzi': '9531.44', 'Personale': '4930.25', 'Materie Prime': '211.93'};{'Oneri diversi': '0.00', 'Servizi': '1457.32', 'Oneri finanziari': '0.00', 'Ammortamenti': '0.00', 'Personale': '17211.16', 'God beni terzi': '0.00', 'Materie Prime': '0.00'};['conti/8.04.004/lineeConto/8.04.004line_063', 'conti/8.04.004/lineeConto/8.04.004line_071', 'conti/8.04.004/lineeConto/8.04.004line_080', 'conti/8.04.004/lineeConto/8.04.004line_088', 'conti/8.04.004/lineeConto/8.04.004line_097', 'conti/8.06.004/lineeConto/8.06.004line_085', 'conti/8.06.004/lineeConto/8.06.004line_095', 'conti/8.06.004/lineeConto/8.06.004line_107', 'conti/8.06.004/lineeConto/8.06.004line_116', 'conti/8.06.004/lineeConto/8.06.004line_127', 'conti/8.07.002/lineeConto/8.07.002line_000', 'conti/8.17.000/lineeConto/8.17.000line_092'];False;10.03;2022;153750;0;CS-AWARE-NEXT;55772.030000000006;18668.48
{'Oneri diversi': '10074.55', 'Servizi': '63663.72', 'Oneri finanziari': '2976.57', 'Ammortamenti': '6607.33', 'God beni terzi': '18633.55', 'Personale': '9638.42', 'Materie Prime': '414.32'};{'Oneri diversi': '0.00', 'Servizi': '0.00', 'Oneri finanziari': '0.00', 'Ammortamenti': '0.00', 'God beni terzi': '0.00', 'Personale': '0.00', 'Materie Prime': '0.00'};[];True;42.93;2022;125000;125000;CeSMA;109031.89000000001;0.0
{'Oneri diversi': '200.38', 'Servizi': '1266.25', 'Oneri finanziari': '57.47', 'Ammortamenti': '131.42', 'God beni terzi': '370.61', 'Personale': '191.70', 'Materie Prime': '8.24'};{'Oneri diversi': '0.00', 'Servizi': '0.00', 'Oneri finanziari': '0.00', 'Ammortamenti': '0.00', 'Personale': '0.00', 'God beni terzi': '0.00', 'Materie Prime': '0.00'};[];False;0.39;2022;6000;10000;Contrader;2168.6;0.0
{'Oneri diversi': '236.34', 'Servizi': '1493.52', 'Oneri finanziari': '67.78', 'Ammortamenti': '155.01', 'Personale': '226.11', 'God beni terzi': '437.13', 'Materie Prime': '9.72'};{'Oneri diversi': '0.00', 'Servizi': '0.00', 'Oneri finanziari': '0.00', 'Ammortamenti': '0.00', 'Personale': '14099.25', 'God beni terzi': '0.00', 'Materie Prime': '0.00'};['conti/8.04.003/lineeConto/8.04.003line_005'];False;0.46;2022;7049.63;381993.2;E-DESIGN;2557.83;14099.25
{'Oneri diversi': '1674.96', 'Servizi': '10584.53', 'Oneri finanziari': '480.37', 'Ammortamenti': '1098.51', 'God beni terzi': '3097.96', 'Personale': '1602.45', 'Materie Prime': '68.88'};{'Oneri diversi': '0.00', 'Servizi': '0.00', 'Oneri finanziari': '0.00', 'Ammortamenti': '0.00', 'God beni terzi': '0.00', 'Personale': '0.00', 'Materie Prime': '0.00'};[];False;3.26;2022;50000;50000;EOS;18127.290000000005;0.0
{'Oneri diversi': '1382.10', 'Servizi': '8733.86', 'Oneri finanziari': '396.38', 'Ammortamenti': '906.44', 'Personale': '1322.27', 'God beni terzi': '2556.29', 'Materie Prime': '56.84'};{'Oneri diversi': '0.00', 'Servizi': '0.00', 'Oneri finanziari': '0.00', 'Ammortamenti': '0.00', 'God beni terzi': '0.00', 'Personale': '91193.39', 'Materie Prime': '0.00'};['conti/8.04.004/lineeConto/8.04.004line_030', 'conti/8.04.004/lineeConto/8.04.004line_039', 'conti/8.04.004/lineeConto/8.04.004line_043', 'conti/8.04.004/lineeConto/8.04.004line_054', 'conti/8.04.004/lineeConto/8.04.004line_058', 'conti/8.04.004/lineeConto/8.04.004line_062', 'conti/8.04.004/lineeConto/8.04.004line_070', 'conti/8.04.004/lineeConto/8.04.004line_072', 'conti/8.04.004/lineeConto/8.04.004line_079', 'conti/8.04.004/lineeConto/8.04.004line_081', 'conti/8.04.004/lineeConto/8.04.004line_087', 'conti/8.06.004/lineeConto/8.06.004line_027', 'conti/8.06.004/lineeConto/8.06.004line_039', 'conti/8.06.004/lineeConto/8.06.004line_043', 'conti/8.06.004/lineeConto/8.06.004line_052', 'conti/8.06.004/lineeConto/8.06.004line_062', 'conti/8.06.004/lineeConto/8.06.004line_063', 'conti/8.06.004/lineeConto/8.06.004line_074', 'conti/8.06.004/lineeConto/8.06.004line_084', 'conti/8.06.004/lineeConto/8.06.004line_094', 'conti/8.06.004/lineeConto/8.06.004line_106', 'conti/8.06.004/lineeConto/8.06.004line_115', 'conti/8.04.003/lineeConto/8.04.003line_011', 'conti/8.04.003/lineeConto/8.04.003line_017', 'conti/8.04.003/lineeConto/8.04.003line_023'];False;2.69;2022;41218.95;857450.58;F-MOBILITY;14957.800000000003;91193.39
{'Oneri diversi': '0.00', 'Servizi': '0.00', 'Oneri finanziari': '0.00', 'Ammortamenti': '0.00', 'God beni terzi': '0.00', 'Personale': '0.00', 'Materie Prime': '0.00'};{'Oneri diversi': '0.00', 'Servizi': '0.00', 'Oneri finanziari': '0.00', 'Ammortamenti': '0.00', 'Personale': '0.00', 'God beni terzi': '0.00', 'Materie Prime': '0.00'};[];False;0.00;2022;4719231.13;0;GIROCONTO;0.0;0.0
{'Oneri diversi': '1788.00', 'Servizi': '11298.82', 'Oneri finanziari': '512.79', 'Ammortamenti': '1172.65', 'Personale': '1710.59', 'God beni terzi': '3307.02', 'Materie Prime': '73.53'};{'Oneri diversi': '0.00', 'Servizi': '0.00', 'Oneri finanziari': '0.00', 'Ammortamenti': '0.00', 'God beni terzi': '0.00', 'Personale': '0.00', 'Materie Prime': '0.00'};[];False;3.48;2022;53378.70;0;GREEN POWERTRAIN;19350.609999999997;0.0
{'Oneri diversi': '4381.36', 'Servizi': '27686.97', 'Oneri finanziari': '1294.49', 'Ammortamenti': '2873.49', 'God beni terzi': '8103.62', 'Personale': '4191.69', 'Materie Prime': '180.19'};{'Oneri diversi': '0.00', 'Servizi': '0.00', 'Oneri finanziari': '0.00', 'Ammortamenti': '0.00', 'Personale': '13852.00', 'God beni terzi': '0.00', 'Materie Prime': '0.00'};['conti/8.04.004/lineeConto/8.04.004line_005', 'conti/8.04.004/lineeConto/8.04.004line_012', 'conti/8.04.004/lineeConto/8.04.004line_020', 'conti/8.06.004/lineeConto/8.06.004line_004', 'conti/8.06.004/lineeConto/8.06.004line_007', 'conti/8.06.004/lineeConto/8.06.004line_015', 'conti/8.06.004/lineeConto/8.06.004line_026', 'conti/8.06.004/lineeConto/8.06.004line_038'];True;18.67;2022;54360;119150;HitachiMGMT;47417.32000000001;13852.0
{'Oneri diversi': '333.96', 'Servizi': '2110.41', 'Oneri finanziari': '95.78', 'Ammortamenti': '219.03', 'Personale': '319.51', 'God beni terzi': '617.69', 'Materie Prime': '13.73'};{'Oneri diversi': '0.00', 'Servizi': '4645.87', 'Oneri finanziari': '0.00', 'Ammortamenti': '0.00', 'Personale': '6665.73', 'God beni terzi': '0.00', 'Materie Prime': '0.00'};['conti/8.17.000/lineeConto/8.17.000line_000', 'conti/8.17.000/lineeConto/8.17.000line_001', 'conti/8.17.000/lineeConto/8.17.000line_008', 'conti/8.17.000/lineeConto/8.17.000line_024', 'conti/8.17.000/lineeConto/8.17.000line_079', 'conti/8.17.000/lineeConto/8.17.000line_118', 'conti/8.06.004/lineeConto/8.06.004line_096', 'conti/8.06.004/lineeConto/8.06.004line_097'];False;0.65;2022;10000;10000;HitachiR&S;3614.33;11311.599999999999
{'Oneri diversi': '0.00', 'Servizi': '0.00', 'Oneri finanziari': '0.00', 'Ammortamenti': '0.00', 'God beni terzi': '0.00', 'Personale': '0.00', 'Materie Prime': '0.00'};{'Oneri diversi': '0.00', 'Servizi': '740.95', 'Oneri finanziari': '0.00', 'Ammortamenti': '0.00', 'God beni terzi': '0.00', 'Personale': '50800.20', 'Materie Prime': '0.00'};['conti/8.17.000/lineeConto/8.17.000line_114', 'conti/8.04.004/lineeConto/8.04.004line_021', 'conti/8.04.004/lineeConto/8.04.004line_028', 'conti/8.04.004/lineeConto/8.04.004line_037', 'conti/8.04.004/lineeConto/8.04.004line_045', 'conti/8.04.004/lineeConto/8.04.004line_052', 'conti/8.04.004/lineeConto/8.04.004line_077', 'conti/8.04.004/lineeConto/8.04.004line_091', 'conti/8.04.004/lineeConto/8.04.004line_096', 'conti/8.06.004/lineeConto/8.06.004line_031', 'conti/8.06.004/lineeConto/8.06.004line_041', 'conti/8.06.004/lineeConto/8.06.004line_050', 'conti/8.06.004/lineeConto/8.06.004line_060', 'conti/8.06.004/lineeConto/8.06.004line_072', 'conti/8.06.004/lineeConto/8.06.004line_082', 'conti/8.06.004/lineeConto/8.06.004line_092', 'conti/8.06.004/lineeConto/8.06.004line_104', 'conti/8.06.004/lineeConto/8.06.004line_120', 'conti/8.06.004/lineeConto/8.06.004line_126'];False;0.00;2022;-106514.45;336250;INCISIVE;0.0;51541.149999999994
{'Oneri diversi': '4634.81', 'Servizi': '29288.57', 'Oneri finanziari': '1369.37', 'Ammortamenti': '3039.71', 'God beni terzi': '8572.39', 'Personale': '4434.17', 'Materie Prime': '190.61'};{'Oneri diversi': '360.38', 'Servizi': '44.44', 'Oneri finanziari': '0.00', 'Ammortamenti': '0.00', 'Personale': '0.00', 'God beni terzi': '0.00', 'Materie Prime': '0.00'};['conti/8.18.000/lineeConto/8.18.000line_002', 'conti/8.14.005/lineeConto/8.14.005line_012', 'conti/8.38.008/lineeConto/8.38.008line_001'];True;19.75;2022;57504;115008;INGV;50160.259999999995;404.82
{'Oneri diversi': '786.10', 'Servizi': '4967.59', 'Oneri finanziari': '225.45', 'Ammortamenti': '515.56', 'God beni terzi': '1453.95', 'Personale': '752.07', 'Materie Prime': '32.33'};{'Oneri diversi': '4312.50', 'Servizi': '5303.77', 'Oneri finanziari': '0.00', 'Ammortamenti': '0.00', 'God beni terzi': '0.00', 'Personale': '7656.29', 'Materie Prime': '0.00'};['conti/8.06.004/lineeConto/8.06.004line_070', 'conti/8.06.004/lineeConto/8.06.004line_080', 'conti/8.07.002/lineeConto/8.07.002line_006', 'conti/8.20.006/lineeConto/8.20.006line_000', 'conti/8.09.005/lineeConto/8.09.005line_017', 'conti/8.17.000/lineeConto/8.17.000line_007'];False;1.53;2022;23377.23;113321.37;INNOVARE;8507.6;17272.56
{'Oneri diversi': '673.07', 'Servizi': '4253.29', 'Oneri finanziari': '193.03', 'Ammortamenti': '441.43', 'God beni terzi': '1244.88', 'Personale': '643.93', 'Materie Prime': '27.68'};{'Oneri diversi': '0.00', 'Servizi': '0.00', 'Oneri finanziari': '0.00', 'Ammortamenti': '0.00', 'God beni terzi': '0.00', 'Personale': '0.00', 'Materie Prime': '0.00'};[];False;1.31;2022;20000;60000;JABER;7284.280000000001;0.0
{'Oneri diversi': '303.14', 'Servizi': '1915.61', 'Oneri finanziari': '86.94', 'Ammortamenti': '198.81', 'Personale': '290.01', 'God beni terzi': '560.67', 'Materie Prime': '12.47'};{'Oneri diversi': '0.00', 'Servizi': '0.00', 'Oneri finanziari': '0.00', 'Ammortamenti': '0.00', 'God beni terzi': '0.00', 'Personale': '0.00', 'Materie Prime': '0.00'};[];False;0.59;2022;9000;26000;Kineton;3280.7099999999996;0.0
{'Oneri diversi': '303.14', 'Servizi': '1915.61', 'Oneri finanziari': '86.94', 'Ammortamenti': '198.81', 'Personale': '290.01', 'God beni terzi': '560.67', 'Materie Prime': '12.47'};{'Oneri diversi': '0.00', 'Servizi': '0.00', 'Oneri finanziari': '0.00', 'Ammortamenti': '0.00', 'Personale': '0.00', 'God beni terzi': '0.00', 'Materie Prime': '0.00'};[];False;0.59;2022;9000;9000;MACROPHARM;3280.7099999999996;0.0
{'Oneri diversi': '71.93', 'Servizi': '454.55', 'Oneri finanziari': '20.63', 'Ammortamenti': '47.18', 'Personale': '68.82', 'God beni terzi': '133.04', 'Materie Prime': '2.96'};{'Oneri diversi': '0.00', 'Servizi': '0.00', 'Oneri finanziari': '0.00', 'Ammortamenti': '0.00', 'God beni terzi': '0.00', 'Personale': '4323.85', 'Materie Prime': '0.00'};['conti/8.06.004/lineeConto/8.06.004line_101'];False;0.14;2022;2161.92;852882.58;MAIA;778.48;4323.85
{'Oneri diversi': '534.34', 'Servizi': '3376.66', 'Oneri finanziari': '153.25', 'Ammortamenti': '350.45', 'Personale': '511.21', 'God beni terzi': '988.30', 'Materie Prime': '21.98'};{'Oneri diversi': '6117.09', 'Servizi': '0.00', 'Oneri finanziari': '7.19', 'Ammortamenti': '0.00', 'Personale': '49613.92', 'God beni terzi': '0.00', 'Materie Prime': '4229.00'};['conti/8.04.004/lineeConto/8.04.004line_001', 'conti/8.04.004/lineeConto/8.04.004line_016', 'conti/8.04.004/lineeConto/8.04.004line_024', 'conti/8.04.004/lineeConto/8.04.004line_033', 'conti/8.04.004/lineeConto/8.04.004line_041', 'conti/8.04.004/lineeConto/8.04.004line_048', 'conti/8.04.004/lineeConto/8.04.004line_056', 'conti/8.04.004/lineeConto/8.04.004line_065', 'conti/8.04.004/lineeConto/8.04.004line_074', 'conti/8.04.004/lineeConto/8.04.004line_084', 'conti/8.04.004/lineeConto/8.04.004line_092', 'conti/8.06.004/lineeConto/8.06.004line_002', 'conti/8.06.004/lineeConto/8.06.004line_014', 'conti/8.06.004/lineeConto/8.06.004line_023', 'conti/8.06.004/lineeConto/8.06.004line_035', 'conti/8.06.004/lineeConto/8.06.004line_045', 'conti/8.06.004/lineeConto/8.06.004line_055', 'conti/8.06.004/lineeConto/8.06.004line_066', 'conti/8.06.004/lineeConto/8.06.004line_076', 'conti/8.06.004/lineeConto/8.06.004line_088', 'conti/8.06.004/lineeConto/8.06.004line_099', 'conti/8.06.004/lineeConto/8.06.004line_111', 'conti/8.06.004/lineeConto/8.06.004line_121', 'conti/8.04.003/lineeConto/8.04.003line_011', 'conti/8.14.010/lineeConto/8.14.010line_004', 'conti/8.36.002/lineeConto/8.36.002line_000', 'conti/8.11.011/lineeConto/8.11.011line_037', 'conti/8.11.011/lineeConto/8.11.011line_041', 'conti/8.11.011/lineeConto/8.11.011line_046'];False;1.04;2022;15861.81;425000;MARINE HAZARD;5782.94;59960.009999999995
{'Oneri diversi': '2348.03', 'Servizi': '14837.82', 'Oneri finanziari': '673.41', 'Ammortamenti': '1539.94', 'God beni terzi': '4342.84', 'Personale': '2246.38', 'Materie Prime': '96.56'};{'Oneri diversi': '0.00', 'Servizi': '5000.00', 'Oneri finanziari': '0.00', 'Ammortamenti': '0.00', 'God beni terzi': '0.00', 'Personale': '0.00', 'Materie Prime': '0.00'};['conti/8.04.010/lineeConto/8.04.010line_012'];False;4.57;2022;70000;70000;MATER;25411.57;5000.0
{'Oneri diversi': '10.28', 'Servizi': '64.94', 'Oneri finanziari': '2.95', 'Ammortamenti': '6.74', 'God beni terzi': '19.01', 'Personale': '9.83', 'Materie Prime': '0.42'};{'Oneri diversi': '0.00', 'Servizi': '0.00', 'Oneri finanziari': '0.00', 'Ammortamenti': '0.00', 'Personale': '0.00', 'God beni terzi': '0.00', 'Materie Prime': '0.00'};[];False;0.02;2022;360;360;MCM;111.22;0.0
{'Oneri diversi': '1797.60', 'Servizi': '11359.52', 'Oneri finanziari': '531.11', 'Ammortamenti': '1178.95', 'God beni terzi': '3324.78', 'Personale': '1719.78', 'Materie Prime': '73.93'};{'Oneri diversi': '0.00', 'Servizi': '0.00', 'Oneri finanziari': '0.00', 'Ammortamenti': '0.00', 'Personale': '3051.87', 'God beni terzi': '0.00', 'Materie Prime': '0.00'};['conti/8.06.004/lineeConto/8.06.004line_038'];True;7.66;2022;22309.87;22309.87;MGMT;19454.56;3051.87
{'Oneri diversi': '25.69', 'Servizi': '162.34', 'Oneri finanziari': '7.37', 'Ammortamenti': '16.85', 'Personale': '24.58', 'God beni terzi': '47.51', 'Materie Prime': '1.06'};{'Oneri diversi': '0.00', 'Servizi': '0.00', 'Oneri finanziari': '0.00', 'Ammortamenti': '0.00', 'God beni terzi': '0.00', 'Personale': '0.00', 'Materie Prime': '0.00'};[];False;0.05;2022;800;800;Magaldi;278.03;0.0
{'Oneri diversi': '0.00', 'Servizi': '0.00', 'Oneri finanziari': '0.00', 'Ammortamenti': '0.00', 'God beni terzi': '0.00', 'Personale': '0.00', 'Materie Prime': '0.00'};{'Oneri diversi': '7857.70', 'Servizi': '7612.00', 'Oneri finanziari': '0.00', 'Ammortamenti': '0.00', 'God beni terzi': '0.00', 'Personale': '102013.00', 'Materie Prime': '18583.37'};['conti/8.14.010/lineeConto/8.14.010line_001', 'conti/8.14.010/lineeConto/8.14.010line_002', 'conti/8.01.009/lineeConto/8.01.009line_001', 'conti/8.01.009/lineeConto/8.01.009line_004', 'conti/8.01.009/lineeConto/8.01.009line_005', 'conti/8.01.009/lineeConto/8.01.009line_006', 'conti/8.01.009/lineeConto/8.01.009line_007', 'conti/8.04.010/lineeConto/8.04.010line_003', 'conti/8.09.005/lineeConto/8.09.005line_000', 'conti/8.09.005/lineeConto/8.09.005line_012', 'conti/8.11.011/lineeConto/8.11.011line_000', 'conti/8.11.011/lineeConto/8.11.011line_001', 'conti/8.11.011/lineeConto/8.11.011line_005', 'conti/8.11.011/lineeConto/8.11.011line_006', 'conti/8.11.011/lineeConto/8.11.011line_007', 'conti/8.11.011/lineeConto/8.11.011line_010', 'conti/8.11.011/lineeConto/8.11.011line_011', 'conti/8.11.011/lineeConto/8.11.011line_012', 'conti/8.11.011/lineeConto/8.11.011line_013', 'conti/8.11.011/lineeConto/8.11.011line_014', 'conti/8.11.011/lineeConto/8.11.011line_015', 'conti/8.11.011/lineeConto/8.11.011line_018', 'conti/8.11.011/lineeConto/8.11.011line_019', 'conti/8.11.011/lineeConto/8.11.011line_021', 'conti/8.11.011/lineeConto/8.11.011line_022', 'conti/8.11.011/lineeConto/8.11.011line_023', 'conti/8.11.011/lineeConto/8.11.011line_024', 'conti/8.11.011/lineeConto/8.11.011line_026', 'conti/8.11.011/lineeConto/8.11.011line_027', 'conti/8.11.011/lineeConto/8.11.011line_032', 'conti/8.11.011/lineeConto/8.11.011line_033', 'conti/8.11.011/lineeConto/8.11.011line_034', 'conti/8.11.011/lineeConto/8.11.011line_035', 'conti/8.11.011/lineeConto/8.11.011line_036', 'conti/8.11.011/lineeConto/8.11.011line_038', 'conti/8.04.004/lineeConto/8.04.004line_003', 'conti/8.04.004/lineeConto/8.04.004line_007', 'conti/8.04.004/lineeConto/8.04.004line_008', 'conti/8.04.004/lineeConto/8.04.004line_010', 'conti/8.04.004/lineeConto/8.04.004line_035', 'conti/8.04.004/lineeConto/8.04.004line_050', 'conti/8.04.004/lineeConto/8.04.004line_082', 'conti/8.06.004/lineeConto/8.06.004line_005', 'conti/8.06.004/lineeConto/8.06.004line_009', 'conti/8.06.004/lineeConto/8.06.004line_011', 'conti/8.06.004/lineeConto/8.06.004line_012', 'conti/8.06.004/lineeConto/8.06.004line_016', 'conti/8.06.004/lineeConto/8.06.004line_022', 'conti/8.06.004/lineeConto/8.06.004line_034', 'conti/8.06.004/lineeConto/8.06.004line_128', 'conti/8.04.003/lineeConto/8.04.003line_001', 'conti/8.04.003/lineeConto/8.04.003line_002', 'conti/8.04.003/lineeConto/8.04.003line_003', 'conti/8.04.003/lineeConto/8.04.003line_006', 'conti/8.04.003/lineeConto/8.04.003line_007', 'conti/8.04.003/lineeConto/8.04.003line_009', 'conti/8.04.003/lineeConto/8.04.003line_015', 'conti/8.07.002/lineeConto/8.07.002line_006'];False;0.00;2022;0;3234000;NANOCAN;0.0;136066.07
{'Oneri diversi': '1279.34', 'Servizi': '8084.50', 'Oneri finanziari': '366.91', 'Ammortamenti': '839.05', 'God beni terzi': '2366.23', 'Personale': '1223.96', 'Materie Prime': '52.61'};{'Oneri diversi': '0.00', 'Servizi': '0.00', 'Oneri finanziari': '0.00', 'Ammortamenti': '0.00', 'God beni terzi': '0.00', 'Personale': '79408.95', 'Materie Prime': '0.00'};['conti/8.04.004/lineeConto/8.04.004line_000', 'conti/8.04.004/lineeConto/8.04.004line_014', 'conti/8.04.004/lineeConto/8.04.004line_015', 'conti/8.04.004/lineeConto/8.04.004line_018', 'conti/8.04.004/lineeConto/8.04.004line_023', 'conti/8.04.004/lineeConto/8.04.004line_026', 'conti/8.04.004/lineeConto/8.04.004line_032', 'conti/8.04.004/lineeConto/8.04.004line_040', 'conti/8.04.004/lineeConto/8.04.004line_047', 'conti/8.04.004/lineeConto/8.04.004line_055', 'conti/8.04.004/lineeConto/8.04.004line_064', 'conti/8.04.004/lineeConto/8.04.004line_073', 'conti/8.06.004/lineeConto/8.06.004line_128', 'conti/8.04.003/lineeConto/8.04.003line_013'];False;2.49;2022;38193.88;1655020.40;NEON;13845.689999999999;79408.95
{'Oneri diversi': '1007.03', 'Servizi': '6363.71', 'Oneri finanziari': '288.81', 'Ammortamenti': '660.46', 'Personale': '963.44', 'God beni terzi': '1862.57', 'Materie Prime': '41.41'};{'Oneri diversi': '0.00', 'Servizi': '0.00', 'Oneri finanziari': '0.00', 'Ammortamenti': '0.00', 'God beni terzi': '0.00', 'Personale': '0.00', 'Materie Prime': '0.00'};[];False;1.96;2022;30000;50000;NGMED;10898.619999999999;0.0
{'Oneri diversi': '14180.66', 'Servizi': '89611.36', 'Oneri finanziari': '4066.97', 'Ammortamenti': '9300.31', 'God beni terzi': '26228.09', 'Personale': '13566.78', 'Materie Prime': '583.19'};{'Oneri diversi': '0.00', 'Servizi': '0.00', 'Oneri finanziari': '0.00', 'Ammortamenti': '0.00', 'God beni terzi': '0.00', 'Personale': '0.00', 'Materie Prime': '0.00'};[];False;27.60;2022;422943.13;2269628.50;OPTIMA;153470.39;0.0
{'Oneri diversi': '0.00', 'Servizi': '0.00', 'Oneri finanziari': '0.00', 'Ammortamenti': '0.00', 'God beni terzi': '0.00', 'Personale': '0.00', 'Materie Prime': '0.00'};{'Oneri diversi': '204.92', 'Servizi': '417.04', 'Oneri finanziari': '0.00', 'Ammortamenti': '0.00', 'Personale': '200088.34', 'God beni terzi': '0.00', 'Materie Prime': '8797.80'};['conti/8.21.000/lineeConto/8.21.000line_000', 'conti/8.06.004/lineeConto/8.06.004line_053', 'conti/8.06.004/lineeConto/8.06.004line_064', 'conti/8.06.004/lineeConto/8.06.004line_113', 'conti/8.06.004/lineeConto/8.06.004line_123', 'conti/8.07.000/lineeConto/8.07.000line_000', 'conti/8.07.000/lineeConto/8.07.000line_001', 'conti/8.04.003/lineeConto/8.04.003line_004', 'conti/8.04.003/lineeConto/8.04.003line_014', 'conti/8.04.003/lineeConto/8.04.003line_016', 'conti/8.04.003/lineeConto/8.04.003line_019', 'conti/8.04.003/lineeConto/8.04.003line_020', 'conti/8.04.003/lineeConto/8.04.003line_022', 'conti/8.04.003/lineeConto/8.04.003line_025', 'conti/8.04.003/lineeConto/8.04.003line_026', 'conti/8.16.000/lineeConto/8.16.000line_005', 'conti/8.16.000/lineeConto/8.16.000line_006', 'conti/8.11.011/lineeConto/8.11.011line_050', 'conti/8.11.011/lineeConto/8.11.011line_054', 'conti/8.11.011/lineeConto/8.11.011line_063', 'conti/8.11.011/lineeConto/8.11.011line_064', 'conti/8.11.011/lineeConto/8.11.011line_067', 'conti/8.11.011/lineeConto/8.11.011line_069', 'conti/8.11.011/lineeConto/8.11.011line_070', 'conti/8.11.011/lineeConto/8.11.011line_072', 'conti/8.11.011/lineeConto/8.11.011line_074', 'conti/8.11.011/lineeConto/8.11.011line_075', 'conti/8.11.011/lineeConto/8.11.011line_081', 'conti/8.11.011/lineeConto/8.11.011line_082', 'conti/8.11.011/lineeConto/8.11.011line_083'];False;0.00;2022;0;465014.71;OVERALL;0.0;209508.09999999998
{'Oneri diversi': '0.00', 'Servizi': '0.00', 'Oneri finanziari': '0.00', 'Ammortamenti': '0.00', 'Personale': '0.00', 'God beni terzi': '0.00', 'Materie Prime': '0.00'};{'Oneri diversi': '0.00', 'Servizi': '0.00', 'Oneri finanziari': '0.00', 'Ammortamenti': '0.00', 'Personale': '11219.45', 'God beni terzi': '0.00', 'Materie Prime': '0.00'};['conti/8.06.004/lineeConto/8.06.004line_025', 'conti/8.06.004/lineeConto/8.06.004line_090', 'conti/8.06.004/lineeConto/8.06.004line_118'];False;0.00;2022;0;1022405.33;PRIDE;0.0;11219.45
{'Oneri diversi': '770.69', 'Servizi': '4870.18', 'Oneri finanziari': '221.03', 'Ammortamenti': '505.45', 'God beni terzi': '1425.44', 'Personale': '737.33', 'Materie Prime': '31.69'};{'Oneri diversi': '0.00', 'Servizi': '0.00', 'Oneri finanziari': '0.00', 'Ammortamenti': '0.00', 'God beni terzi': '0.00', 'Personale': '0.00', 'Materie Prime': '0.00'};[];False;1.50;2022;22950.82;57377.05;PeriCaM;8340.78;0.0
{'Oneri diversi': '1007.03', 'Servizi': '6363.71', 'Oneri finanziari': '288.81', 'Ammortamenti': '660.46', 'Personale': '963.44', 'God beni terzi': '1862.57', 'Materie Prime': '41.41'};{'Oneri diversi': '0.00', 'Servizi': '19500.00', 'Oneri finanziari': '0.00', 'Ammortamenti': '0.00', 'Personale': '0.00', 'God beni terzi': '0.00', 'Materie Prime': '0.00'};['conti/8.09.005/lineeConto/8.09.005line_041', 'conti/8.09.005/lineeConto/8.09.005line_070', 'conti/8.09.005/lineeConto/8.09.005line_071'];False;1.96;2022;30100;30100;Pulse;10898.619999999999;19500.0
{'Oneri diversi': '2157.93', 'Servizi': '13636.51', 'Oneri finanziari': '618.89', 'Ammortamenti': '1415.26', 'Personale': '2064.51', 'God beni terzi': '3991.23', 'Materie Prime': '88.75'};{'Oneri diversi': '0.00', 'Servizi': '0.00', 'Oneri finanziari': '0.00', 'Ammortamenti': '0.00', 'God beni terzi': '0.00', 'Personale': '0.00', 'Materie Prime': '0.00'};[];False;4.20;2022;64325;395500;RECIPE;23354.19;0.0
{'Oneri diversi': '1006.75', 'Ammortamenti': '660.27', 'Personale': '963.17', 'God beni terzi': '1862.05', 'Materie Prime': '41.40', 'Servizi': '6361.92'};{'Oneri diversi': '0.00', 'Servizi': '0.00', 'Personale': '4717.01', 'God beni terzi': '0.00', 'Materie Prime': '0.00', 'Ammortamenti': '0.00'};['conti/8.06.004/lineeConto/8.06.004line_047', 'conti/8.06.004/lineeConto/8.06.004line_048'];True;4.29;2022;12500;12500;SCOGIF;10895.56;4717.01
{'Oneri diversi': '161.92', 'Servizi': '1023.25', 'Oneri finanziari': '47.84', 'Ammortamenti': '106.20', 'God beni terzi': '299.49', 'Personale': '154.92', 'Materie Prime': '6.66'};{'Oneri diversi': '0.00', 'Servizi': '0.00', 'Oneri finanziari': '0.00', 'Ammortamenti': '0.00', 'God beni terzi': '0.00', 'Personale': '0.00', 'Materie Prime': '0.00'};[];True;0.69;2022;2000;2000;SHIPS;1752.4400000000003;0.0
{'Oneri diversi': '436.72', 'Servizi': '2759.77', 'Oneri finanziari': '125.25', 'Ammortamenti': '286.42', 'Personale': '417.82', 'God beni terzi': '807.75', 'Materie Prime': '17.96'};{'Oneri diversi': '0.00', 'Servizi': '0.00', 'Oneri finanziari': '0.00', 'Ammortamenti': '0.00', 'Personale': '0.00', 'God beni terzi': '0.00', 'Materie Prime': '0.00'};[];False;0.85;2022;13032;165000;SIDIRR;4726.44;0.0
{'Oneri diversi': '200.38', 'Servizi': '1266.25', 'Oneri finanziari': '57.47', 'Ammortamenti': '131.42', 'God beni terzi': '370.61', 'Personale': '191.70', 'Materie Prime': '8.24'};{'Oneri diversi': '0.00', 'Servizi': '0.00', 'Oneri finanziari': '0.00', 'Ammortamenti': '0.00', 'God beni terzi': '0.00', 'Personale': '0.00', 'Materie Prime': '0.00'};[];False;0.39;2022;6000;30000;TYCHE;2168.6;0.0
{'Oneri diversi': '534.34', 'Servizi': '3376.66', 'Oneri finanziari': '153.25', 'Ammortamenti': '350.45', 'Personale': '511.21', 'God beni terzi': '988.30', 'Materie Prime': '21.98'};{'Oneri diversi': '0.00', 'Servizi': '341.83', 'Oneri finanziari': '0.00', 'Ammortamenti': '0.00', 'God beni terzi': '0.00', 'Personale': '0.00', 'Materie Prime': '0.00'};['conti/8.14.021/lineeConto/8.14.021line_027'];False;1.04;2022;16000;20000;Tefin;5782.94;341.83
{'Oneri diversi': '2949.17', 'Servizi': '18636.57', 'Oneri finanziari': '845.81', 'Ammortamenti': '1934.19', 'God beni terzi': '5454.68', 'Personale': '2821.50', 'Materie Prime': '121.29'};{'Oneri diversi': '0.00', 'Servizi': '35000.00', 'Oneri finanziari': '0.00', 'Ammortamenti': '0.00', 'God beni terzi': '0.00', 'Personale': '6646.80', 'Materie Prime': '0.00'};['conti/8.04.004/lineeConto/8.04.004line_089', 'conti/8.06.004/lineeConto/8.06.004line_117', 'conti/8.09.020/lineeConto/8.09.020line_001'];False;5.74;2022;88000;108000;ToGETHER;31917.399999999998;41646.8
{'Oneri diversi': '673.07', 'Servizi': '4253.29', 'Oneri finanziari': '193.03', 'Ammortamenti': '441.43', 'Personale': '643.93', 'God beni terzi': '1244.88', 'Materie Prime': '27.68'};{'Oneri diversi': '0.00', 'Servizi': '0.00', 'Oneri finanziari': '0.00', 'Ammortamenti': '0.00', 'Personale': '0.00', 'God beni terzi': '0.00', 'Materie Prime': '0.00'};[];False;1.31;2022;20000;95000;UniParthenope;7284.280000000001;0.0
{'Oneri diversi': '246.62', 'Servizi': '1558.46', 'Oneri finanziari': '70.73', 'Ammortamenti': '161.74', 'Personale': '235.94', 'God beni terzi': '456.14', 'Materie Prime': '10.14'};{'Oneri diversi': '0.00', 'Servizi': '0.00', 'Oneri finanziari': '0.00', 'Ammortamenti': '0.00', 'Personale': '0.00', 'God beni terzi': '0.00', 'Materie Prime': '0.00'};[];False;0.48;2022;7400;7400;VASARI;2669.0399999999995;0.0
{'Oneri diversi': '0.00', 'Servizi': '0.00', 'Oneri finanziari': '0.00', 'Ammortamenti': '0.00', 'Personale': '0.00', 'God beni terzi': '0.00', 'Materie Prime': '0.00'};{'Oneri diversi': '0.00', 'Servizi': '0.00', 'Oneri finanziari': '0.00', 'Ammortamenti': '0.00', 'God beni terzi': '0.00', 'Personale': '0.00', 'Materie Prime': '0.00'};[];False;0.00;2022;-73881.30;598087.5;VEDO;0.0;0.0
{'Oneri diversi': '1171.45', 'Servizi': '7402.68', 'Oneri finanziari': '335.97', 'Ammortamenti': '768.29', 'God beni terzi': '2166.67', 'Personale': '1120.73', 'Materie Prime': '48.18'};{'Oneri diversi': '0.00', 'Servizi': '2214.02', 'Oneri finanziari': '0.00', 'Ammortamenti': '0.00', 'God beni terzi': '0.00', 'Personale': '0.00', 'Materie Prime': '0.00'};['conti/8.14.021/lineeConto/8.14.021line_003', 'conti/8.14.021/lineeConto/8.14.021line_011', 'conti/8.14.021/lineeConto/8.14.021line_050', 'conti/8.17.000/lineeConto/8.17.000line_009', 'conti/8.17.000/lineeConto/8.17.000line_015'];False;2.28;2022;35000;35000;Vishay;12678.000000000002;2214.02
{'Oneri diversi': '0.00', 'Servizi': '0.00', 'Oneri finanziari': '0.00', 'Ammortamenti': '0.00', 'God beni terzi': '0.00', 'Personale': '0.00', 'Materie Prime': '0.00'};{'Oneri diversi': '0.00', 'Servizi': '0.00', 'Oneri finanziari': '0.00', 'Ammortamenti': '0.00', 'Personale': '73116.42', 'God beni terzi': '0.00', 'Materie Prime': '0.00'};['conti/8.04.004/lineeConto/8.04.004line_004', 'conti/8.04.004/lineeConto/8.04.004line_011', 'conti/8.04.004/lineeConto/8.04.004line_018', 'conti/8.04.004/lineeConto/8.04.004line_019', 'conti/8.04.004/lineeConto/8.04.004line_027', 'conti/8.04.004/lineeConto/8.04.004line_036', 'conti/8.04.004/lineeConto/8.04.004line_044', 'conti/8.04.004/lineeConto/8.04.004line_051', 'conti/8.04.004/lineeConto/8.04.004line_059', 'conti/8.04.004/lineeConto/8.04.004line_067', 'conti/8.04.004/lineeConto/8.04.004line_076', 'conti/8.04.004/lineeConto/8.04.004line_095', 'conti/8.06.004/lineeConto/8.06.004line_014', 'conti/8.04.003/lineeConto/8.04.003line_005', 'conti/8.04.003/lineeConto/8.04.003line_008', 'conti/8.04.003/lineeConto/8.04.003line_013'];False;0.00;2022;0;1081000;WATERGY;0.0;73116.42
